{
    "last": {
        "test_loss": 1.7688559293746948,
        "test_acc": 0.569444477558136
    },
    "best": {
        "test_loss": 1.1333810091018677,
        "test_acc": 0.6840278506278992
    }
}